Suburb,Year,Price
ABBOTSFORD,2016,1187500
ABERFELDIE,2016,1300000
AINTREE,2016,607500
AIREYS INLET,2016,715000
AIRPORT WEST,2016,742000
ALBANVALE,2016,439000
ALBERT PARK,2016,1775000
ALBION,2016,593000
ALEXANDRA,2016,275000
ALFREDTON,2016,375000
ALLANSFORD,2016,275000
ALPHINGTON,2016,1272500
ALTONA,2016,825000
ALTONA EAST,2016,795000
ALTONA MEADOWS,2016,495000
ALTONA NORTH,2016,726000
ANGLESEA,2016,652500
APOLLO BAY,2016,480000
ARARAT,2016,204500
ARDEER,2016,517500
ARMADALE,2016,2367500
ARMSTRONG CREEK,2016,450000
ASCOT (GREATER BENDIGO),2016,370000
ASCOT VALE,2016,1010000
ASHBURTON,2016,1567500
ASHWOOD,2016,1230000
ASPENDALE,2016,891000
ASPENDALE GARDENS,2016,775000
ATTWOOD,2016,660000
AVENEL,2016,250000
AVOCA,2016,165000
AVONDALE HEIGHTS,2016,750000
AVONSLEIGH,2016,501000
BACCHUS MARSH,2016,376000
BADGER CREEK,2016,379000
BAIRNSDALE,2016,255000
BALACLAVA,2016,1242500
BALCOMBE,2016,950000
BALLAN,2016,370000
BALLARAT CENTRAL,2016,385000
BALLARAT EAST,2016,295000
BALLARAT NORTH,2016,339500
BALNARRING,2016,670000
BALNARRING BEACH,2016,904000
BALWYN,2016,2180000
BALWYN NORTH,2016,1800000
BANNOCKBURN,2016,382000
BARANDUDA,2016,350000
BARNAWARTHA,2016,245000
BARWON HEADS,2016,842500
BAXTER,2016,403000
BAYSWATER,2016,693000
BAYSWATER NORTH,2016,628000
BEACONSFIELD,2016,585000
BEACONSFIELD UPPER,2016,630000
BEAUFORT,2016,237500
BEAUMARIS,2016,1455000
BEECHWORTH,2016,345000
BELGRAVE,2016,545000
BELGRAVE HEIGHTS,2016,624000
BELGRAVE SOUTH,2016,565000
BELL PARK,2016,360000
BELL POST HILL,2016,355000
BELLFIELD (BANYULE),2016,778000
BELMONT,2016,430000
BENALLA,2016,231500
BENDIGO,2016,400000
BENTLEIGH,2016,1380000
BENTLEIGH EAST,2016,1115000
BERWICK,2016,583000
BEVERIDGE,2016,430000
BIRCHIP,2016,55000
BIRREGURRA,2016,345000
BITTERN,2016,464000
BLACK HILL,2016,315000
BLACK ROCK,2016,1745000
BLACKBURN,2016,1241000
BLACKBURN NORTH,2016,1040000
BLACKBURN SOUTH,2016,1050000
BLACKWOOD,2016,291000
BLAIRGOWRIE,2016,770000
BLIND BIGHT,2016,440000
BONBEACH,2016,778000
BONNIE DOON,2016,290000
BONSHAW,2016,322500
BOOLARRA,2016,202500
BOORT,2016,200500
BORONIA,2016,648500
BOTANIC RIDGE,2016,600000
BOX HILL,2016,1360500
BOX HILL NORTH,2016,1146000
BOX HILL SOUTH,2016,1255000
BRAYBROOK,2016,629000
BREAKWATER,2016,277500
BRIAGOLONG,2016,265000
BRIAR HILL,2016,721500
BRIGHT,2016,429500
BRIGHTON,2016,2740000
BRIGHTON EAST,2016,1750000
BROADFORD,2016,287500
BROADMEADOWS,2016,416500
BROOKFIELD,2016,360000
BROOKLYN,2016,700500
BROWN HILL,2016,338000
BRUNSWICK,2016,946000
BRUNSWICK EAST,2016,998000
BRUNSWICK WEST,2016,1005000
BRUTHEN,2016,207000
BULLEEN,2016,1170000
BUNDALONG,2016,425000
BUNDOORA,2016,651000
BUNINYONG,2016,381000
BUNYIP,2016,357500
BURNSIDE,2016,518500
BURNSIDE HEIGHTS,2016,522000
BURWOOD,2016,1219000
BURWOOD EAST,2016,1021000
CAIRNLEA,2016,608500
CALIFORNIA GULLY,2016,255000
CAMBERWELL,2016,2090000
CAMPBELLFIELD,2016,420000
CAMPBELLS CREEK,2016,426500
CAMPERDOWN,2016,217500
CANADIAN,2016,339000
CANTERBURY,2016,2620000
CAPE PATERSON,2016,358000
CAPE SCHANCK,2016,667500
CAPEL SOUND,2016,445000
CARISBROOK,2016,200000
CARLTON,2016,1050000
CARLTON NORTH,2016,1360000
CARNEGIE,2016,1348500
CAROLINE SPRINGS,2016,530000
CARRUM,2016,750000
CARRUM DOWNS,2016,430000
CASTERTON,2016,126500
CASTLEMAINE,2016,410000
CAULFIELD,2016,1715000
CAULFIELD EAST,2016,1300000
CAULFIELD NORTH,2016,2181000
CAULFIELD SOUTH,2016,1517500
CHADSTONE,2016,1017500
CHARLEMONT,2016,560000
CHARLTON,2016,160000
CHELSEA,2016,890000
CHELSEA HEIGHTS,2016,641000
CHELTENHAM,2016,940500
CHELTENHAM EAST,2016,867500
CHELTENHAM NORTH,2016,900000
CHEWTON,2016,403500
CHILTERN,2016,250000
CHIRNSIDE PARK,2016,627000
CHURCHILL,2016,182000
CLARINDA,2016,751000
CLAYTON,2016,1010500
CLAYTON NORTH,2016,1100000
CLAYTON SOUTH,2016,755000
CLIFTON HILL,2016,1220000
CLIFTON SPRINGS,2016,365000
CLUNES,2016,255000
CLYDE,2016,435000
CLYDE NORTH,2016,491000
COBBLEBANK,2016,328000
COBDEN,2016,177000
COBRAM,2016,265000
COBURG,2016,876000
COBURG EAST,2016,762500
COBURG NORTH,2016,780000
COCKATOO,2016,430000
COHUNA,2016,157500
COLAC,2016,259500
COLDSTREAM,2016,521000
COLERAINE,2016,90000
COLLINGWOOD,2016,920000
COOLAROO,2016,340000
COONANS HILL,2016,870000
COONGULLA,2016,185000
CORINELLA,2016,325000
CORIO,2016,250000
CORONET BAY,2016,266000
CORRYONG,2016,164000
COWES,2016,400000
COWES WEST,2016,353500
CRAIGIEBURN,2016,425000
CRANBOURNE,2016,406000
CRANBOURNE EAST,2016,460000
CRANBOURNE NORTH,2016,455000
CRANBOURNE SOUTH,2016,685000
CRANBOURNE WEST,2016,410000
CREMORNE,2016,1072000
CRESWICK,2016,292500
CRIB POINT,2016,402000
CROYDON,2016,695000
CROYDON HILLS,2016,730000
CROYDON NORTH,2016,790500
CROYDON SOUTH,2016,655000
CURLEWIS,2016,406500
DALLAS,2016,345000
DALYSTON,2016,255000
DANDENONG,2016,555500
DANDENONG NORTH,2016,551000
DARLEY,2016,371500
DAYLESFORD,2016,464000
DEEPDENE,2016,2600000
DEER PARK,2016,441000
DELACOMBE,2016,319000
DELAHEY,2016,458000
DENNINGTON,2016,342500
DERRIMUT,2016,530000
DIAMOND CREEK,2016,646500
DIGGERS REST,2016,360000
DIMBOOLA,2016,116000
DINGLEY VILLAGE,2016,775500
DINNER PLAIN,2016,400000
DONALD,2016,145000
DONCASTER,2016,1297500
DONCASTER EAST,2016,1230000
DONVALE,2016,970000
DOREEN,2016,470500
DOVETON,2016,405000
DROMANA,2016,583000
DROUIN,2016,347000
DRYSDALE,2016,409000
DUNKELD,2016,207500
DUNOLLY,2016,180000
EAGLE POINT,2016,267500
EAGLEHAWK,2016,270000
EAGLEMONT,2016,1895500
EAST BAIRNSDALE,2016,212500
EAST BENDIGO,2016,303500
EAST GEELONG,2016,512500
EAST MELBOURNE,2016,3655000
EAST WARBURTON,2016,369000
EASTWOOD,2016,357500
ECHUCA,2016,310000
EDENHOPE,2016,144500
EDITHVALE,2016,930000
EILDON,2016,210000
ELLIMINYT,2016,364000
ELMORE,2016,220000
ELSTERNWICK,2016,1723500
ELTHAM,2016,820000
ELTHAM NORTH,2016,850500
ELWOOD,2016,1830000
EMERALD,2016,545000
ENDEAVOUR HILLS,2016,550000
EPPING,2016,455000
EPSOM,2016,340000
ESSENDON,2016,1365000
ESSENDON NORTH,2016,875000
ESSENDON WEST,2016,962500
EUMEMMERRING,2016,450500
EUREKA,2016,275000
EUROA,2016,265000
EYNESBURY,2016,459000
FAIRFIELD,2016,1303000
FAIRHAVEN,2016,1052500
FAWKNER,2016,587500
FERNTREE GULLY,2016,660000
FERNY CREEK,2016,750000
FINGAL,2016,840000
FITZROY,2016,1600000
FITZROY NORTH,2016,1279000
FIVEWAYS,2016,417500
FLEMINGTON,2016,918000
FLINDERS,2016,1225000
FLORA HILL,2016,325000
FLOWERDALE,2016,237500
FOOTSCRAY,2016,775000
FOREST HILL,2016,933500
FOSTER,2016,315000
FRANKSTON,2016,474000
FRANKSTON NORTH,2016,352000
FRANKSTON SOUTH,2016,690000
FRASER RISE,2016,483000
FYANSFORD,2016,592500
GARDEN CITY,2016,1440000
GARDENVALE,2016,1857500
GARFIELD,2016,405000
GEELONG,2016,590000
GEELONG WEST,2016,543500
GEMBROOK,2016,525000
GISBORNE,2016,635000
GLADSTONE PARK,2016,525000
GLEN HUNTLY,2016,1330000
GLEN IRIS,2016,1935000
GLEN WAVERLEY,2016,1221000
GLENROWAN,2016,272500
GLENROY,2016,600000
GOLDEN BEACH,2016,212500
GOLDEN POINT (BALLARAT),2016,295000
GOLDEN SQUARE,2016,315000
GORDON,2016,330000
GOUGHS BAY,2016,235000
GOWANBRAE,2016,619000
GRANTVILLE,2016,272500
GREEN LAKE,2016,305000
GREENSBOROUGH,2016,717000
GREENVALE,2016,510000
GROVEDALE,2016,400000
HADFIELD,2016,624500
HALLAM,2016,458500
HALLS GAP,2016,272500
HAMILTON,2016,217000
HAMLYN HEIGHTS,2016,415000
HAMPTON,2016,1800000
HAMPTON EAST,2016,1200000
HAMPTON PARK,2016,410000
HARCOURT,2016,377500
HARKNESS,2016,360000
HASTINGS,2016,400000
HASTINGS WEST,2016,338000
HAWTHORN,2016,2245000
HAWTHORN EAST,2016,1890000
HEALESVILLE,2016,457000
HEATHCOTE,2016,268500
HEATHERTON,2016,845000
HEATHMONT,2016,789000
HEIDELBERG,2016,1150000
HEIDELBERG HEIGHTS,2016,750000
HEIDELBERG WEST,2016,630000
HEPBURN,2016,375000
HEPBURN SPRINGS,2016,414000
HERNE HILL,2016,402000
HEYFIELD,2016,195000
HEYWOOD,2016,160000
HIGHETT,2016,1175000
HIGHTON,2016,555000
HILLSIDE (MELTON),2016,525500
HOPETOUN,2016,80000
HOPPERS CROSSING,2016,415000
HORSHAM,2016,245000
HUGHESDALE,2016,1222500
HUNTINGDALE,2016,924500
HUNTLY,2016,340000
HURSTBRIDGE,2016,614500
INDENTED HEAD,2016,395000
INGLEWOOD,2016,152500
INVERLOCH,2016,442500
INVERMAY PARK,2016,377500
IRONBARK,2016,365000
IRYMPLE,2016,255000
IVANHOE,2016,1400000
IVANHOE EAST,2016,1764500
JACANA,2016,423000
JACKASS FLAT,2016,345500
JAN JUC,2016,716000
JEERALANG NORTH,2016,140000
JEPARIT,2016,124000
JUNCTION VILLAGE,2016,389000
JUNORTOUN,2016,490000
KALIMNA,2016,270000
KALKALLO,2016,432500
KALLISTA,2016,567500
KALORAMA,2016,533000
KANGAROO FLAT,2016,300000
KANGAROO GROUND SOUTH,2016,670000
KANIVA,2016,120000
KEALBA,2016,470000
KEILOR,2016,805000
KEILOR DOWNS,2016,562000
KEILOR EAST,2016,720000
KEILOR LODGE,2016,607500
KEILOR PARK,2016,650000
KENNINGTON,2016,355000
KENSINGTON,2016,908000
KERANG,2016,167000
KEW,2016,2207500
KEW EAST,2016,1655000
KEW NORTH,2016,1805000
KEYSBOROUGH,2016,650000
KIALLA,2016,374000
KILCUNDA,2016,480000
KILLARA (WODONGA),2016,425000
KILMORE,2016,333000
KILSYTH,2016,620000
KILSYTH SOUTH,2016,738000
KINGLAKE,2016,346000
KINGS PARK,2016,415000
KINGSBURY,2016,610000
KINGSVILLE,2016,925000
KNOXFIELD,2016,740000
KOO WEE RUP,2016,400000
KOONDROOK,2016,165000
KOOYONG,2016,2762500
KOROIT,2016,294000
KORUMBURRA,2016,257500
KURUNJANG,2016,310000
KYABRAM,2016,234000
KYNETON,2016,455000
LAKE BOGA,2016,222500
LAKE GARDENS,2016,485000
LAKE TYERS BEACH,2016,268500
LAKE WENDOUREE,2016,700000
LAKES ENTRANCE,2016,280000
LALOR,2016,499500
LANCEFIELD,2016,360000
LANG LANG,2016,355000
LANGWARRIN,2016,503000
LARA,2016,355000
LARA LAKE,2016,395000
LAUNCHING PLACE,2016,435000
LAVERTON,2016,429000
LAVERTON SOUTH,2016,528500
LEITCHVILLE,2016,126500
LENEVA,2016,376000
LEONGATHA,2016,305000
LEOPOLD,2016,407000
LILYDALE,2016,633500
LINTON,2016,202500
LISMORE,2016,141500
LOCH SPORT,2016,178000
LONG GULLY,2016,240000
LONGWARRY,2016,334000
LORNE,2016,765000
LOVELY BANKS,2016,470000
LOWER PLENTY,2016,900000
LUCAS,2016,345000
LUCKNOW,2016,244500
LYNBROOK,2016,542500
LYNDHURST,2016,585000
LYSTERFIELD,2016,857500
MACEDON,2016,585000
MACLEOD,2016,868000
MADDINGLEY,2016,346000
MAFFRA,2016,258000
MAIDEN GULLY,2016,477000
MAIDSTONE,2016,695000
MALDON,2016,395000
MALLACOOTA,2016,322500
MALMSBURY,2016,344000
MALVERN,2016,2328500
MALVERN EAST,2016,1729000
MANIFOLD HEIGHTS,2016,620000
MANOR LAKES,2016,417500
MANSFIELD,2016,359000
MARIBYRNONG,2016,940000
MARONG,2016,330000
MARSHALL,2016,400000
MARYBOROUGH,2016,206500
MARYSVILLE,2016,332500
MCCRAE,2016,689000
MCKENZIE HILL,2016,475000
MCKINNON,2016,1657500
MCLOUGHLINS BEACH,2016,180000
MEADOW HEIGHTS,2016,370000
MEENIYAN,2016,270000
MELTON,2016,280500
MELTON SOUTH,2016,276000
MELTON WEST,2016,330000
MENTONE,2016,982500
MERBEIN,2016,170000
MERINDA PARK,2016,385000
MERNDA,2016,430000
MERRIJIG (MANSFIELD),2016,344000
METUNG,2016,360000
MICKLEHAM,2016,437000
MIDDLE PARK,2016,2238500
MILDURA,2016,260000
MILL PARK,2016,560000
MILLGROVE,2016,293500
MINERS REST,2016,334000
MINYIP,2016,82500
MIRBOO NORTH,2016,275000
MITCHAM,2016,941000
MITCHELL PARK,2016,259000
MOE,2016,173000
MONBULK,2016,521500
MONT ALBERT,2016,1921000
MONT ALBERT NORTH,2016,1490000
MONTMORENCY,2016,780500
MONTROSE,2016,625000
MOONEE PONDS,2016,1110500
MOORABBIN,2016,980000
MOOROOLBARK,2016,620000
MOOROOPNA,2016,215500
MORDIALLOC,2016,933000
MORNINGTON,2016,745000
MORTLAKE,2016,152000
MORWELL,2016,153000
MOUNT BEAUTY,2016,183000
MOUNT CLEAR,2016,345000
MOUNT DANDENONG,2016,641000
MOUNT DUNEED,2016,425000
MOUNT ELIZA,2016,950000
MOUNT EVELYN,2016,551000
MOUNT HELEN,2016,355000
MOUNT MACEDON,2016,750000
MOUNT MARTHA,2016,965000
MOUNT PLEASANT,2016,297500
MOUNT WAVERLEY,2016,1265000
MULGRAVE,2016,786000
MURCHISON,2016,187000
MURRUMBEENA,2016,1286000
MURTOA,2016,97500
MYRTLEFORD,2016,270500
NAGAMBIE,2016,336000
NARRE WARREN,2016,486500
NARRE WARREN NORTH,2016,900000
NARRE WARREN SOUTH,2016,530000
NATHALIA,2016,185000
NEERIM SOUTH,2016,330000
NELSON,2016,220000
NERRINA,2016,517500
NEW GISBORNE,2016,545000
NEWBOROUGH,2016,224500
NEWCOMB,2016,310000
NEWINGTON,2016,372500
NEWLANDS ARM,2016,380000
NEWPORT,2016,950000
NEWSTEAD,2016,362000
NEWTOWN (GREATER GEELONG),2016,712500
NHILL,2016,140000
NICHOLS POINT,2016,396000
NIDDRIE,2016,910000
NOBLE PARK,2016,600000
NOBLE PARK NORTH,2016,563000
NORLANE,2016,236500
NORTH BENDIGO,2016,279000
NORTH GEELONG,2016,338500
NORTH MELBOURNE,2016,1200000
NORTH WONTHAGGI,2016,259500
NORTHCOTE,2016,1190000
NOTTING HILL,2016,872500
NUMURKAH,2016,195000
NUNAWADING,2016,970000
NYAH WEST,2016,130000
NYORA,2016,300000
OAK PARK,2016,822500
OAKLEIGH,2016,1050000
OAKLEIGH EAST,2016,983000
OAKLEIGH SOUTH,2016,890000
OCEAN GROVE,2016,555000
OFFICER,2016,440000
OLINDA,2016,620000
OMEO,2016,150000
ORBOST,2016,162500
ORMOND,2016,1550000
OSBORNE,2016,640000
OUYEN,2016,130000
PAKENHAM,2016,400000
PARADISE BEACH,2016,200000
PARK ORCHARDS,2016,1335000
PARKDALE,2016,1100000
PARKVILLE,2016,2130000
PASCOE VALE,2016,805000
PASCOE VALE SOUTH,2016,840000
PATTERSON GARDENS,2016,812000
PATTERSON LAKES,2016,810000
PAYNESVILLE,2016,308000
PEARCEDALE,2016,534000
PETERBOROUGH,2016,340000
PIONEER BAY,2016,216000
PLENTY,2016,935000
POINT COOK,2016,505000
POINT LONSDALE,2016,641000
POREPUNKAH,2016,330000
PORT ALBERT,2016,218500
PORT FAIRY,2016,473500
PORT FRANKLIN,2016,207500
PORT MELBOURNE,2016,1380000
PORT WELSHPOOL,2016,380000
PORTARLINGTON,2016,460000
PORTLAND,2016,220000
PORTLAND NORTH,2016,340000
PORTSEA,2016,1701000
PRAHRAN,2016,1430000
PRESTON,2016,882000
PRINCES HILL,2016,1555000
PYRAMID HILL,2016,112500
QUARRY HILL,2016,349000
QUEENSCLIFF,2016,795000
RAINBOW,2016,59500
RAYMOND ISLAND,2016,330000
RED CLIFFS,2016,165000
REDAN,2016,255000
RESEARCH,2016,825500
RESERVOIR,2016,710000
RHYLL,2016,460000
RICHMOND,2016,1265000
RIDDELLS CREEK,2016,500000
RINGWOOD,2016,837500
RINGWOOD EAST,2016,806000
RINGWOOD NORTH,2016,844000
RIPPLESIDE,2016,739000
ROBINVALE,2016,170000
ROCHESTER,2016,239000
ROCKBANK,2016,347000
ROMSEY,2016,428000
ROSANNA,2016,980000
ROSEBUD,2016,445000
ROSEBUD SOUTH,2016,545000
ROSEDALE,2016,230000
ROWVILLE,2016,778000
ROXBURGH PARK,2016,435000
RUPANYUP,2016,75000
RUSHWORTH,2016,200000
RUTHERGLEN,2016,255000
RYE,2016,550000
SAFETY BEACH,2016,665000
SAILORS GULLY,2016,225000
SALE,2016,295500
SAN REMO,2016,460000
SANCTUARY LAKES,2016,503000
SANDHURST,2016,678500
SANDRINGHAM,2016,1760000
SANDY POINT,2016,359000
SASSAFRAS,2016,653500
SAWMILL SETTLEMENT,2016,350000
SCORESBY,2016,700000
SEA LAKE,2016,75000
SEABROOK,2016,509000
SEAFORD,2016,580500
SEAHOLME,2016,872500
SEASPRAY,2016,175000
SEBASTOPOL,2016,247500
SEDDON,2016,934500
SELBY,2016,527500
SEVILLE,2016,511500
SEVILLE EAST,2016,440000
SEYMOUR,2016,242500
SHEPPARTON,2016,265000
SHEPPARTON NORTH,2016,361000
SHOREHAM,2016,868500
SILVERLEAVES,2016,446500
SKENES CREEK,2016,520000
SKIPTON,2016,169000
SKYE,2016,479000
SMITHS BEACH,2016,470000
SMYTHESDALE,2016,250000
SOLDIERS HILL,2016,374000
SOMERS,2016,755500
SOMERVILLE,2016,465000
SORRENTO,2016,1130000
SOUTH DUDLEY,2016,256000
SOUTH GEELONG,2016,495000
SOUTH KINGSVILLE,2016,903000
SOUTH MELBOURNE,2016,1595000
SOUTH MORANG,2016,502000
SOUTH YARRA,2016,1890000
SPOTSWOOD,2016,917500
SPRING GULLY,2016,350000
SPRINGVALE,2016,685000
SPRINGVALE SOUTH,2016,630000
ST ALBANS,2016,500000
ST ALBANS PARK,2016,331000
ST ANDREWS BEACH,2016,695000
ST ARNAUD,2016,142500
ST HELENA,2016,800000
ST KILDA,2016,1305000
ST KILDA EAST,2016,1677500
ST KILDA WEST,2016,1797000
ST LEONARDS,2016,421500
STANHOPE,2016,147000
STAWELL,2016,177000
STRATFORD,2016,272500
STRATHDALE,2016,445000
STRATHFIELDSAYE,2016,425000
STRATHMERTON,2016,182500
STRATHMORE,2016,1140000
STRATHMORE HEIGHTS,2016,808000
STRATHTULLOH,2016,430000
STUDFIELD,2016,853000
SUNBURY,2016,395000
SUNDERLAND BAY,2016,360000
SUNNYCLIFFS,2016,220000
SUNSET STRIP,2016,340000
SUNSHINE,2016,675000
SUNSHINE NORTH,2016,560000
SUNSHINE WEST,2016,520000
SURF BEACH,2016,414000
SURREY HILLS,2016,1800500
SWAN HILL,2016,262500
SWAN REACH,2016,455000
SYDENHAM,2016,505000
SYNDAL,2016,1410000
TALLANGATTA,2016,216000
TARNEIT,2016,445000
TATURA,2016,228000
TAWONGA SOUTH,2016,298000
TAYLORS HILL,2016,600000
TAYLORS LAKES,2016,635000
TECOMA,2016,601500
TEMPLESTOWE,2016,1260000
TEMPLESTOWE LOWER,2016,1105500
TERANG,2016,150000
THE BASIN,2016,595000
THE HONEYSUCKLES,2016,237000
THE PATCH,2016,570500
THOMASTOWN,2016,493000
THOMSON (GREATER GEELONG),2016,308500
THORNBURY,2016,1079500
THORNHILL PARK,2016,720000
TIMBOON,2016,215000
TONGALA,2016,204000
TOONGABBIE,2016,315000
TOORA,2016,195000
TOORADIN,2016,411000
TOORAK,2016,4900000
TOOTGAROOK,2016,460000
TORQUAY,2016,665000
TRAFALGAR,2016,312500
TRARALGON,2016,268000
TRARALGON EAST,2016,445000
TRAVANCORE,2016,1305000
TRENTHAM,2016,455000
TRUGANINA,2016,430000
TULLAMARINE,2016,530000
TYABB,2016,430000
UPPER FERNTREE GULLY,2016,582000
UPWEY,2016,585000
VENTNOR,2016,420000
VENUS BAY,2016,258000
VERMONT,2016,900000
VERMONT SOUTH,2016,1082500
VIEWBANK,2016,920000
VIOLET TOWN,2016,238500
WAHGUNYAH,2016,290000
WALKERVILLE,2016,283500
WALLAN,2016,375000
WALLAN EAST,2016,352500
WANDANA HEIGHTS,2016,592500
WANDIN NORTH,2016,496500
WANGARATTA,2016,270500
WANTIRNA,2016,801000
WANTIRNA SOUTH,2016,875000
WARBURTON,2016,366000
WARNEET,2016,390000
WARRACKNABEAL,2016,123500
WARRAGUL,2016,340000
WARRANDYTE,2016,890000
WARRANWOOD,2016,865000
WARRNAMBOOL,2016,320000
WATERWAYS,2016,1050000
WATSONIA,2016,698000
WATSONIA NORTH,2016,702500
WATTLE GLEN,2016,580000
WAURN PONDS,2016,501000
WEDDERBURN,2016,150000
WEIR VIEWS,2016,418000
WENDOUREE,2016,252500
WENDOUREE WEST,2016,185000
WERRIBEE,2016,403000
WERRIBEE SOUTH,2016,540000
WEST FOOTSCRAY,2016,798000
WEST MELBOURNE,2016,1104500
WEST WODONGA,2016,308500
WESTALL,2016,696000
WESTGARTH,2016,1500000
WESTMEADOWS,2016,500000
WHEELERS HILL,2016,1050000
WHITE HILLS,2016,305000
WHITTINGTON,2016,265000
WHITTLESEA,2016,448500
WILLIAMS LANDING,2016,530000
WILLIAMSTOWN,2016,1282500
WILLIAMSTOWN NORTH,2016,1135500
WIMBLEDON HEIGHTS,2016,299000
WINCHELSEA,2016,267000
WINDSOR,2016,1505000
WINTER VALLEY,2016,362500
WODONGA,2016,315000
WOLLERT,2016,460000
WONGA PARK,2016,801000
WONTHAGGI,2016,265000
WOODEND,2016,460000
WOOLAMAI WATERS,2016,375000
WOORI YALLOCK,2016,391500
WURRUK,2016,259500
WY YUNG,2016,333500
WYCHEPROOF,2016,82500
WYNDHAM VALE,2016,365000
YACKANDANDAH,2016,392500
YALLAMBIE,2016,713500
YALLOURN NORTH,2016,165500
YARRA GLEN,2016,540000
YARRA JUNCTION,2016,422500
YARRAGON,2016,300000
YARRAM,2016,230000
YARRAVILLE,2016,900500
YARRAWONGA,2016,320000
YEA,2016,305000
YINNAR,2016,230000
ABBOTSFORD,2017,1280000
ABERFELDIE,2017,1471000
AINTREE,2017,571000
AIREYS INLET,2017,737500
AIRPORT WEST,2017,845000
ALBANVALE,2017,526500
ALBERT PARK,2017,2150000
ALBION,2017,730000
ALEXANDRA,2017,291500
ALFREDTON,2017,412500
ALLANSFORD,2017,280000
ALPHINGTON,2017,1560000
ALTONA,2017,950000
ALTONA EAST,2017,885000
ALTONA MEADOWS,2017,625000
ALTONA NORTH,2017,828000
ANGLESEA,2017,788000
APOLLO BAY,2017,545000
ARARAT,2017,200000
ARDEER,2017,595000
ARMADALE,2017,2300000
ARMSTRONG CREEK,2017,471000
ASCOT (GREATER BENDIGO),2017,358000
ASCOT VALE,2017,1180000
ASHBURTON,2017,1812500
ASHWOOD,2017,1359000
ASPENDALE,2017,1125000
ASPENDALE GARDENS,2017,882500
ATTWOOD,2017,742500
AVENEL,2017,355000
AVOCA,2017,212500
AVONDALE HEIGHTS,2017,845500
AVONSLEIGH,2017,562000
BACCHUS MARSH,2017,415500
BADGER CREEK,2017,465000
BAIRNSDALE,2017,272500
BALACLAVA,2017,1385500
BALCOMBE,2017,1100000
BALLAN,2017,417000
BALLARAT CENTRAL,2017,430000
BALLARAT EAST,2017,310000
BALLARAT NORTH,2017,346500
BALNARRING,2017,815000
BALNARRING BEACH,2017,890000
BALWYN,2017,2340000
BALWYN NORTH,2017,1950000
BANNOCKBURN,2017,430000
BARANDUDA,2017,350000
BARNAWARTHA,2017,312000
BARWON HEADS,2017,916000
BAXTER,2017,530000
BAYSWATER,2017,800500
BAYSWATER NORTH,2017,737500
BEACONSFIELD,2017,694500
BEACONSFIELD UPPER,2017,725500
BEAUFORT,2017,220000
BEAUMARIS,2017,1611000
BEECHWORTH,2017,399000
BELGRAVE,2017,620000
BELGRAVE HEIGHTS,2017,687500
BELGRAVE SOUTH,2017,689000
BELL PARK,2017,400000
BELL POST HILL,2017,435000
BELLFIELD (BANYULE),2017,897000
BELMONT,2017,500000
BENALLA,2017,250000
BENDIGO,2017,400000
BENTLEIGH,2017,1470000
BENTLEIGH EAST,2017,1256000
BERWICK,2017,670000
BEVERIDGE,2017,495000
BIRCHIP,2017,100000
BIRREGURRA,2017,382500
BITTERN,2017,526500
BLACK HILL,2017,370000
BLACK ROCK,2017,2017500
BLACKBURN,2017,1410000
BLACKBURN NORTH,2017,1140500
BLACKBURN SOUTH,2017,1200000
BLACKWOOD,2017,403000
BLAIRGOWRIE,2017,883000
BLIND BIGHT,2017,514000
BONBEACH,2017,882500
BONNIE DOON,2017,315000
BONSHAW,2017,235000
BOOLARRA,2017,255000
BOORT,2017,215000
BORONIA,2017,735000
BOTANIC RIDGE,2017,690000
BOX HILL,2017,1752500
BOX HILL NORTH,2017,1321000
BOX HILL SOUTH,2017,1409000
BRAYBROOK,2017,665000
BREAKWATER,2017,335000
BRIAGOLONG,2017,257000
BRIAR HILL,2017,833000
BRIGHT,2017,495000
BRIGHTON,2017,3050000
BRIGHTON EAST,2017,1900000
BROADFORD,2017,330000
BROADMEADOWS,2017,546000
BROOKFIELD,2017,425000
BROOKLYN,2017,834000
BROWN HILL,2017,350000
BRUNSWICK,2017,1200000
BRUNSWICK EAST,2017,1150000
BRUNSWICK WEST,2017,1155000
BRUTHEN,2017,229500
BULLEEN,2017,1300000
BUNDALONG,2017,373000
BUNDOORA,2017,753000
BUNINYONG,2017,470000
BUNYIP,2017,437500
BURNSIDE,2017,572500
BURNSIDE HEIGHTS,2017,590000
BURWOOD,2017,1357000
BURWOOD EAST,2017,1126500
CAIRNLEA,2017,710000
CALIFORNIA GULLY,2017,250000
CAMBERWELL,2017,2300000
CAMPBELLFIELD,2017,507000
CAMPBELLS CREEK,2017,380000
CAMPERDOWN,2017,240000
CANADIAN,2017,334500
CANTERBURY,2017,3140000
CAPE PATERSON,2017,407500
CAPE SCHANCK,2017,972500
CAPEL SOUND,2017,542500
CARISBROOK,2017,245000
CARLTON,2017,1470000
CARLTON NORTH,2017,1628000
CARNEGIE,2017,1509000
CAROLINE SPRINGS,2017,611000
CARRUM,2017,835500
CARRUM DOWNS,2017,525000
CASTERTON,2017,142000
CASTLEMAINE,2017,435000
CAULFIELD,2017,1914000
CAULFIELD EAST,2017,1500000
CAULFIELD NORTH,2017,2285000
CAULFIELD SOUTH,2017,1690000
CHADSTONE,2017,1131000
CHARLEMONT,2017,157000
CHARLTON,2017,136000
CHELSEA,2017,914000
CHELSEA HEIGHTS,2017,750000
CHELTENHAM,2017,1171000
CHELTENHAM EAST,2017,982500
CHELTENHAM NORTH,2017,1025000
CHEWTON,2017,320000
CHILTERN,2017,238500
CHIRNSIDE PARK,2017,735000
CHURCHILL,2017,175000
CLARINDA,2017,866000
CLAYTON,2017,1250000
CLAYTON NORTH,2017,1234500
CLAYTON SOUTH,2017,850000
CLIFTON HILL,2017,1390000
CLIFTON SPRINGS,2017,419000
CLUNES,2017,263000
CLYDE,2017,430000
CLYDE NORTH,2017,550000
COBBLEBANK,2017,374000
COBDEN,2017,263000
COBRAM,2017,255000
COBURG,2017,1000000
COBURG EAST,2017,861000
COBURG NORTH,2017,821000
COCKATOO,2017,539500
COHUNA,2017,180000
COLAC,2017,282500
COLDSTREAM,2017,597500
COLERAINE,2017,133000
COLLINGWOOD,2017,1205000
COOLAROO,2017,451000
COONANS HILL,2017,963000
COONGULLA,2017,192000
CORINELLA,2017,391000
CORIO,2017,305000
CORONET BAY,2017,325500
CORRYONG,2017,180000
COWES,2017,440000
COWES WEST,2017,390000
CRAIGIEBURN,2017,502500
CRANBOURNE,2017,510000
CRANBOURNE EAST,2017,535000
CRANBOURNE NORTH,2017,541000
CRANBOURNE SOUTH,2017,600000
CRANBOURNE WEST,2017,510500
CREMORNE,2017,1230000
CRESWICK,2017,311500
CRIB POINT,2017,502500
CROYDON,2017,810000
CROYDON HILLS,2017,875000
CROYDON NORTH,2017,872000
CROYDON SOUTH,2017,800000
CURLEWIS,2017,430000
DALLAS,2017,430000
DALYSTON,2017,273500
DANDENONG,2017,619000
DANDENONG NORTH,2017,633500
DARLEY,2017,430000
DAYLESFORD,2017,502000
DEANSIDE,2017,340000
DEEPDENE,2017,2862500
DEER PARK,2017,552500
DELACOMBE,2017,325000
DELAHEY,2017,545000
DENNINGTON,2017,345000
DERRIMUT,2017,635000
DIAMOND CREEK,2017,755000
DIGGERS REST,2017,440500
DIMBOOLA,2017,122500
DINGLEY VILLAGE,2017,887000
DINNER PLAIN,2017,412500
DONALD,2017,122000
DONCASTER,2017,1366500
DONCASTER EAST,2017,1360000
DONVALE,2017,1201000
DOREEN,2017,550000
DOVETON,2017,490000
DROMANA,2017,690000
DROUIN,2017,390000
DRYSDALE,2017,436500
DUNKELD,2017,210000
DUNOLLY,2017,179000
EAGLE POINT,2017,250000
EAGLEHAWK,2017,295000
EAGLEMONT,2017,1963000
EAST BAIRNSDALE,2017,222000
EAST BENDIGO,2017,335000
EAST GEELONG,2017,600000
EAST MELBOURNE,2017,3585000
EAST WARBURTON,2017,392500
EASTWOOD,2017,380000
ECHUCA,2017,320000
EDENHOPE,2017,160000
EDITHVALE,2017,1058500
EILDON,2017,225000
ELLIMINYT,2017,366500
ELMORE,2017,162000
ELSTERNWICK,2017,2087500
ELTHAM,2017,930000
ELTHAM NORTH,2017,900000
ELWOOD,2017,1900000
EMERALD,2017,660500
ENDEAVOUR HILLS,2017,630500
EPPING,2017,556000
EPSOM,2017,352000
ESSENDON,2017,1402000
ESSENDON NORTH,2017,1100000
ESSENDON WEST,2017,1296000
EUMEMMERRING,2017,517500
EUREKA,2017,251500
EUROA,2017,239000
EYNESBURY,2017,484000
FAIRFIELD,2017,1496000
FAIRHAVEN,2017,880000
FAWKNER,2017,705000
FERNTREE GULLY,2017,749000
FERNY CREEK,2017,798000
FINGAL,2017,1000000
FITZROY,2017,1625000
FITZROY NORTH,2017,1450000
FIVEWAYS,2017,525000
FLEMINGTON,2017,1100000
FLINDERS,2017,1525000
FLORA HILL,2017,335000
FLOWERDALE,2017,310000
FOOTSCRAY,2017,882000
FOREST HILL,2017,1060000
FOSTER,2017,320000
FRANKSTON,2017,600000
FRANKSTON NORTH,2017,470000
FRANKSTON SOUTH,2017,815500
FRASER RISE,2017,540000
FYANSFORD,2017,610000
GARDEN CITY,2017,1650000
GARDENVALE,2017,1880000
GARFIELD,2017,414500
GEELONG,2017,735000
GEELONG WEST,2017,650000
GEMBROOK,2017,565000
GISBORNE,2017,655000
GLADSTONE PARK,2017,645000
GLEN HUNTLY,2017,1415000
GLEN IRIS,2017,2025000
GLEN WAVERLEY,2017,1337500
GLENROWAN,2017,300000
GLENROY,2017,730000
GOLDEN BEACH,2017,209500
GOLDEN POINT (BALLARAT),2017,305000
GOLDEN SQUARE,2017,320000
GORDON,2017,404000
GOUGHS BAY,2017,257500
GOWANBRAE,2017,790000
GRANTVILLE,2017,339500
GREEN LAKE,2017,280000
GREENSBOROUGH,2017,830000
GREENVALE,2017,650000
GROVEDALE,2017,432000
HADFIELD,2017,740500
HALLAM,2017,580000
HALLS GAP,2017,280000
HAMILTON,2017,190000
HAMLYN HEIGHTS,2017,500000
HAMPTON,2017,2022500
HAMPTON EAST,2017,1340000
HAMPTON PARK,2017,505000
HARCOURT,2017,385000
HARKNESS,2017,419500
HASTINGS,2017,507500
HASTINGS WEST,2017,425000
HAWTHORN,2017,2650000
HAWTHORN EAST,2017,2350000
HEALESVILLE,2017,550000
HEATHCOTE,2017,275000
HEATHERTON,2017,981000
HEATHMONT,2017,925000
HEIDELBERG,2017,1280000
HEIDELBERG HEIGHTS,2017,846000
HEIDELBERG WEST,2017,730500
HEPBURN,2017,440000
HEPBURN SPRINGS,2017,515000
HERNE HILL,2017,490000
HEYFIELD,2017,178500
HEYWOOD,2017,164000
HIGHETT,2017,1318500
HIGHTON,2017,622500
HILLSIDE (MELTON),2017,620000
HOPETOUN,2017,92000
HOPPERS CROSSING,2017,516000
HORSHAM,2017,262500
HUGHESDALE,2017,1407000
HUNTINGDALE,2017,1132000
HUNTLY,2017,335000
HURSTBRIDGE,2017,714000
INDENTED HEAD,2017,455000
INGLEWOOD,2017,182500
INVERLOCH,2017,495000
INVERMAY PARK,2017,391000
IRONBARK,2017,280000
IRYMPLE,2017,291000
IVANHOE,2017,1515000
IVANHOE EAST,2017,1975000
JACANA,2017,571500
JACKASS FLAT,2017,299000
JAN JUC,2017,850000
JEERALANG NORTH,2017,248000
JEPARIT,2017,66500
JUNCTION VILLAGE,2017,436000
JUNORTOUN,2017,512500
KALIMNA,2017,276500
KALKALLO,2017,529500
KALLISTA,2017,676000
KALORAMA,2017,670000
KANGAROO FLAT,2017,310000
KANGAROO GROUND SOUTH,2017,853500
KANIVA,2017,157500
KEALBA,2017,595000
KEILOR,2017,845000
KEILOR DOWNS,2017,670000
KEILOR EAST,2017,843000
KEILOR LODGE,2017,760000
KEILOR PARK,2017,741000
KENNINGTON,2017,372000
KENSINGTON,2017,1019000
KERANG,2017,160000
KEW,2017,2320000
KEW EAST,2017,1876000
KEW NORTH,2017,1880000
KEYSBOROUGH,2017,730000
KIALLA,2017,390000
KILCUNDA,2017,504000
KILLARA (WODONGA),2017,400000
KILMORE,2017,387500
KILSYTH,2017,699000
KILSYTH SOUTH,2017,845000
KINGLAKE,2017,458000
KINGS PARK,2017,532500
KINGSBURY,2017,731000
KINGSVILLE,2017,1020000
KNOXFIELD,2017,870000
KOO WEE RUP,2017,450000
KOONDROOK,2017,247500
KOOYONG,2017,3950000
KOROIT,2017,325000
KORUMBURRA,2017,292000
KURUNJANG,2017,370000
KYABRAM,2017,239000
KYNETON,2017,495000
LAKE BOGA,2017,182500
LAKE GARDENS,2017,461500
LAKE TYERS BEACH,2017,362500
LAKE WENDOUREE,2017,790000
LAKES ENTRANCE,2017,281500
LALOR,2017,625500
LANCEFIELD,2017,415000
LANG LANG,2017,390000
LANGWARRIN,2017,600000
LARA,2017,430000
LARA LAKE,2017,450500
LAUNCHING PLACE,2017,490000
LAVERTON,2017,535000
LAVERTON SOUTH,2017,610500
LEITCHVILLE,2017,100000
LENEVA,2017,397500
LEONGATHA,2017,320000
LEOPOLD,2017,447000
LILYDALE,2017,710500
LINTON,2017,255000
LISMORE,2017,155000
LOCH SPORT,2017,182000
LONG GULLY,2017,256000
LONGWARRY,2017,377000
LORNE,2017,1150000
LOVELY BANKS,2017,460000
LOWER PLENTY,2017,980000
LUCAS,2017,349500
LUCKNOW,2017,261500
LYNBROOK,2017,595000
LYNDHURST,2017,625000
LYSTERFIELD,2017,995500
MACEDON,2017,696000
MACLEOD,2017,950000
MADDINGLEY,2017,395000
MAFFRA,2017,251500
MAIDEN GULLY,2017,471000
MAIDSTONE,2017,825000
MALDON,2017,426500
MALLACOOTA,2017,345000
MALMSBURY,2017,447000
MALVERN,2017,2750000
MALVERN EAST,2017,1824000
MANIFOLD HEIGHTS,2017,721500
MANOR LAKES,2017,490000
MANSFIELD,2017,385000
MARIBYRNONG,2017,1056000
MARONG,2017,348000
MARSHALL,2017,430000
MARYBOROUGH,2017,194000
MARYSVILLE,2017,383000
MCCRAE,2017,775000
MCKENZIE HILL,2017,471500
MCKINNON,2017,1720000
MCLOUGHLINS BEACH,2017,110000
MEADOW HEIGHTS,2017,451000
MEENIYAN,2017,244500
MELTON,2017,368500
MELTON SOUTH,2017,377000
MELTON WEST,2017,409000
MENTONE,2017,1097500
MERBEIN,2017,183500
MERINDA PARK,2017,471500
MERNDA,2017,525500
MERRIJIG (MANSFIELD),2017,420000
METUNG,2017,347500
MICKLEHAM,2017,500000
MIDDLE PARK,2017,2370000
MILDURA,2017,264000
MILL PARK,2017,668500
MILLGROVE,2017,343000
MINERS REST,2017,370000
MINYIP,2017,94000
MIRBOO NORTH,2017,264000
MITCHAM,2017,1070000
MITCHELL PARK,2017,263000
MOE,2017,175000
MONBULK,2017,608000
MONT ALBERT,2017,2100000
MONT ALBERT NORTH,2017,1565000
MONTMORENCY,2017,890000
MONTROSE,2017,700500
MOONEE PONDS,2017,1310000
MOORABBIN,2017,1160000
MOOROOLBARK,2017,726000
MOOROOPNA,2017,225000
MORDIALLOC,2017,1120000
MORNINGTON,2017,800000
MORTLAKE,2017,170000
MORWELL,2017,170000
MOUNT BEAUTY,2017,258000
MOUNT CLEAR,2017,345000
MOUNT DANDENONG,2017,847000
MOUNT DUNEED,2017,500000
MOUNT ELIZA,2017,1137500
MOUNT EVELYN,2017,640000
MOUNT HELEN,2017,376000
MOUNT MACEDON,2017,665000
MOUNT MARTHA,2017,1050000
MOUNT PLEASANT,2017,293000
MOUNT WAVERLEY,2017,1416000
MULGRAVE,2017,900500
MURCHISON,2017,254500
MURRUMBEENA,2017,1420000
MURTOA,2017,115000
MYRTLEFORD,2017,265000
NAGAMBIE,2017,330000
NARRE WARREN,2017,590000
NARRE WARREN NORTH,2017,1108000
NARRE WARREN SOUTH,2017,620000
NATHALIA,2017,232500
NEERIM SOUTH,2017,320000
NELSON,2017,249500
NERRINA,2017,570000
NEW GISBORNE,2017,625000
NEWBOROUGH,2017,220000
NEWCOMB,2017,375000
NEWINGTON,2017,422500
NEWLANDS ARM,2017,380000
NEWPORT,2017,1080000
NEWSTEAD,2017,420000
NEWTOWN (GREATER GEELONG),2017,780000
NHILL,2017,126500
NICHOLS POINT,2017,346000
NIDDRIE,2017,1095000
NOBLE PARK,2017,680000
NOBLE PARK NORTH,2017,640000
NORLANE,2017,290000
NORTH BENDIGO,2017,302000
NORTH GEELONG,2017,422000
NORTH MELBOURNE,2017,1390000
NORTH WONTHAGGI,2017,294000
NORTHCOTE,2017,1325000
NOTTING HILL,2017,993000
NUMURKAH,2017,219000
NUNAWADING,2017,1090000
NYAH WEST,2017,133500
NYORA,2017,260000
OAK PARK,2017,853500
OAKLEIGH,2017,1210000
OAKLEIGH EAST,2017,1195000
OAKLEIGH SOUTH,2017,1030000
OCEAN GROVE,2017,637000
OFFICER,2017,480000
OFFICER SOUTH,2017,283000
OLINDA,2017,705000
OMEO,2017,183000
ORBOST,2017,159000
ORMOND,2017,1604500
OSBORNE,2017,735000
OUYEN,2017,130000
PAKENHAM,2017,470000
PARADISE BEACH,2017,180000
PARK ORCHARDS,2017,1450000
PARKDALE,2017,1300000
PARKVILLE,2017,2375000
PASCOE VALE,2017,891000
PASCOE VALE SOUTH,2017,975000
PATTERSON GARDENS,2017,885000
PATTERSON LAKES,2017,1021500
PAYNESVILLE,2017,335000
PEARCEDALE,2017,607000
PETERBOROUGH,2017,315000
PIONEER BAY,2017,271500
PLENTY,2017,1145000
POINT COOK,2017,590000
POINT LONSDALE,2017,780000
POREPUNKAH,2017,447000
PORT ALBERT,2017,270000
PORT FAIRY,2017,500000
PORT FRANKLIN,2017,280000
PORT MELBOURNE,2017,1485000
PORT WELSHPOOL,2017,247500
PORTARLINGTON,2017,515000
PORTLAND,2017,230000
PORTLAND NORTH,2017,360000
PORTSEA,2017,1925000
PRAHRAN,2017,1525000
PRESTON,2017,996000
PRINCES HILL,2017,1767500
PYRAMID HILL,2017,112500
QUARRY HILL,2017,362000
QUEENSCLIFF,2017,763000
RAINBOW,2017,82500
RAYMOND ISLAND,2017,289500
RED CLIFFS,2017,223500
REDAN,2017,287500
RESEARCH,2017,950000
RESERVOIR,2017,812500
RHYLL,2017,527500
RICHMOND,2017,1302500
RIDDELLS CREEK,2017,580000
RINGWOOD,2017,910500
RINGWOOD EAST,2017,901000
RINGWOOD NORTH,2017,960500
RIPPLESIDE,2017,725000
ROBINVALE,2017,197000
ROCHESTER,2017,242500
ROCKBANK,2017,455000
ROMSEY,2017,470000
ROSANNA,2017,1175000
ROSEBUD,2017,536000
ROSEBUD SOUTH,2017,647500
ROSEDALE,2017,255000
ROWVILLE,2017,867000
ROXBURGH PARK,2017,515000
RUPANYUP,2017,63500
RUSHWORTH,2017,192500
RUTHERGLEN,2017,262000
RYE,2017,658000
SAFETY BEACH,2017,780000
SAILORS GULLY,2017,232000
SALE,2017,300000
SAN REMO,2017,497000
SANCTUARY LAKES,2017,629000
SANDHURST,2017,730000
SANDRINGHAM,2017,1870000
SANDY POINT,2017,407500
SASSAFRAS,2017,775500
SAWMILL SETTLEMENT,2017,270000
SCORESBY,2017,878500
SEA LAKE,2017,70000
SEABROOK,2017,635000
SEAFORD,2017,700000
SEAHOLME,2017,1157500
SEASPRAY,2017,215000
SEBASTOPOL,2017,256000
SEDDON,2017,982500
SELBY,2017,600000
SEVILLE,2017,611500
SEVILLE EAST,2017,482500
SEYMOUR,2017,277000
SHEPPARTON,2017,261000
SHEPPARTON NORTH,2017,347000
SHOREHAM,2017,970000
SILVERLEAVES,2017,515000
SKENES CREEK,2017,517000
SKIPTON,2017,187500
SKYE,2017,570000
SMITHS BEACH,2017,458500
SMYTHESDALE,2017,315000
SOLDIERS HILL,2017,423500
SOMERS,2017,820000
SOMERVILLE,2017,580000
SORRENTO,2017,1300000
SOUTH DUDLEY,2017,233500
SOUTH GEELONG,2017,650000
SOUTH KINGSVILLE,2017,980000
SOUTH MELBOURNE,2017,1532500
SOUTH MORANG,2017,610500
SOUTH YARRA,2017,2035000
SPOTSWOOD,2017,1027500
SPRING GULLY,2017,390000
SPRINGVALE,2017,750000
SPRINGVALE SOUTH,2017,720000
ST ALBANS,2017,610000
ST ALBANS PARK,2017,379000
ST ANDREWS BEACH,2017,855000
ST ARNAUD,2017,145000
ST HELENA,2017,893500
ST KILDA,2017,1551000
ST KILDA EAST,2017,1460000
ST KILDA WEST,2017,2380000
ST LEONARDS,2017,469000
STANHOPE,2017,181000
STAWELL,2017,188000
STRATFORD,2017,265000
STRATHDALE,2017,380000
STRATHFIELDSAYE,2017,455000
STRATHMERTON,2017,140000
STRATHMORE,2017,1230000
STRATHMORE HEIGHTS,2017,970000
STRATHTULLOH,2017,359000
STUDFIELD,2017,957500
SUNBURY,2017,492000
SUNDERLAND BAY,2017,357500
SUNNYCLIFFS,2017,228000
SUNSET STRIP,2017,345000
SUNSHINE,2017,765000
SUNSHINE NORTH,2017,651000
SUNSHINE WEST,2017,639500
SURF BEACH,2017,425000
SURREY HILLS,2017,2170000
SWAN HILL,2017,252000
SWAN REACH,2017,350000
SYDENHAM,2017,590000
SYNDAL,2017,1585000
TALLANGATTA,2017,275000
TARNEIT,2017,515000
TATURA,2017,262000
TAWONGA SOUTH,2017,254000
TAYLORS HILL,2017,686000
TAYLORS LAKES,2017,720000
TECOMA,2017,709000
TEMPLESTOWE,2017,1415000
TEMPLESTOWE LOWER,2017,1302000
TERANG,2017,188500
THE BASIN,2017,610000
THE HONEYSUCKLES,2017,265000
THE PATCH,2017,665000
THOMASTOWN,2017,653000
THOMSON (GREATER GEELONG),2017,365000
THORNBURY,2017,1225000
THORNHILL PARK,2017,447000
TIMBOON,2017,220000
TONGALA,2017,200000
TOONGABBIE,2017,286500
TOORA,2017,190000
TOORADIN,2017,599000
TOORAK,2017,5100000
TOOTGAROOK,2017,591000
TORQUAY,2017,720000
TRAFALGAR,2017,333500
TRARALGON,2017,288500
TRARALGON EAST,2017,455000
TRAVANCORE,2017,1415000
TRENTHAM,2017,475000
TRUGANINA,2017,519500
TULLAMARINE,2017,655000
TYABB,2017,510500
UPPER FERNTREE GULLY,2017,685000
UPWEY,2017,680000
VENTNOR,2017,465000
VENUS BAY,2017,262500
VERMONT,2017,1065000
VERMONT SOUTH,2017,1200500
VIEWBANK,2017,1000000
VIOLET TOWN,2017,217000
WAHGUNYAH,2017,270000
WALKERVILLE,2017,275000
WALLAN,2017,425000
WALLAN EAST,2017,410000
WANDANA HEIGHTS,2017,645000
WANDIN NORTH,2017,665000
WANGARATTA,2017,270000
WANTIRNA,2017,953000
WANTIRNA SOUTH,2017,1005000
WARBURTON,2017,418000
WARNEET,2017,485000
WARRACKNABEAL,2017,113000
WARRAGUL,2017,364000
WARRANDYTE,2017,1042500
WARRANWOOD,2017,943500
WARRNAMBOOL,2017,330000
WATERWAYS,2017,1127500
WATSONIA,2017,835000
WATSONIA NORTH,2017,790000
WATTLE GLEN,2017,620000
WAURN PONDS,2017,530000
WEDDERBURN,2017,155000
WEIR VIEWS,2017,440000
WENDOUREE,2017,267500
WENDOUREE WEST,2017,200000
WERRIBEE,2017,470000
WERRIBEE SOUTH,2017,650000
WEST FOOTSCRAY,2017,887500
WEST MELBOURNE,2017,1350000
WEST WODONGA,2017,321000
WESTALL,2017,780000
WESTGARTH,2017,1383000
WESTMEADOWS,2017,566000
WHEELERS HILL,2017,1160000
WHITE HILLS,2017,300000
WHITTINGTON,2017,316500
WHITTLESEA,2017,469500
WILLIAMS LANDING,2017,600000
WILLIAMSTOWN,2017,1440000
WILLIAMSTOWN NORTH,2017,1024000
WIMBLEDON HEIGHTS,2017,334000
WINCHELSEA,2017,357000
WINDSOR,2017,1420000
WINTER VALLEY,2017,375000
WODONGA,2017,341500
WOLLERT,2017,520500
WONGA PARK,2017,962500
WONTHAGGI,2017,289000
WOODEND,2017,560000
WOOLAMAI WATERS,2017,418000
WOORI YALLOCK,2017,480000
WURRUK,2017,235000
WY YUNG,2017,328000
WYCHEPROOF,2017,100000
WYNDHAM VALE,2017,435500
YACKANDANDAH,2017,446000
YALLAMBIE,2017,781000
YALLOURN NORTH,2017,180000
YARRA GLEN,2017,620000
YARRA JUNCTION,2017,535000
YARRAGON,2017,280000
YARRAM,2017,225000
YARRAVILLE,2017,1000000
YARRAWONGA,2017,324500
YEA,2017,386500
YINNAR,2017,270000
ABBOTSFORD,2018,1192500
ABERFELDIE,2018,1500000
AINTREE,2018,568500
AIREYS INLET,2018,869000
AIRPORT WEST,2018,845000
ALBANVALE,2018,546000
ALBERT PARK,2018,2070000
ALBION,2018,755000
ALEXANDRA,2018,335000
ALFREDTON,2018,439000
ALLANSFORD,2018,245000
ALPHINGTON,2018,1720000
ALTONA,2018,932500
ALTONA EAST,2018,895000
ALTONA MEADOWS,2018,631500
ALTONA NORTH,2018,840000
ANGLESEA,2018,870000
APOLLO BAY,2018,555000
ARARAT,2018,199000
ARDEER,2018,629000
ARMADALE,2018,2341500
ARMSTRONG CREEK,2018,535000
ASCOT (GREATER BENDIGO),2018,380000
ASCOT VALE,2018,1197500
ASHBURTON,2018,1712500
ASHWOOD,2018,1210000
ASPENDALE,2018,980000
ASPENDALE GARDENS,2018,935000
ATTWOOD,2018,750000
AVENEL,2018,349000
AVOCA,2018,220000
AVONDALE HEIGHTS,2018,830000
AVONSLEIGH,2018,540000
BACCHUS MARSH,2018,480000
BADGER CREEK,2018,500000
BAIRNSDALE,2018,279000
BALACLAVA,2018,1196000
BALCOMBE,2018,1240000
BALLAN,2018,462000
BALLARAT CENTRAL,2018,447500
BALLARAT EAST,2018,340000
BALLARAT NORTH,2018,389000
BALNARRING,2018,814500
BALNARRING BEACH,2018,1115000
BALWYN,2018,2420000
BALWYN NORTH,2018,1810000
BANNOCKBURN,2018,487500
BARANDUDA,2018,403500
BARNAWARTHA,2018,280000
BARWON HEADS,2018,965000
BAXTER,2018,542500
BAYSWATER,2018,753000
BAYSWATER NORTH,2018,713000
BEACONSFIELD,2018,730000
BEACONSFIELD UPPER,2018,903500
BEAUFORT,2018,225000
BEAUMARIS,2018,1674000
BEECHWORTH,2018,400000
BELGRAVE,2018,676000
BELGRAVE HEIGHTS,2018,701500
BELGRAVE SOUTH,2018,782500
BELL PARK,2018,452500
BELL POST HILL,2018,487000
BELLFIELD (BANYULE),2018,882500
BELMONT,2018,545000
BENALLA,2018,284000
BENDIGO,2018,400000
BENTLEIGH,2018,1394000
BENTLEIGH EAST,2018,1205000
BERWICK,2018,690500
BEVERIDGE,2018,540000
BIRCHIP,2018,100000
BIRREGURRA,2018,412500
BITTERN,2018,650000
BLACK HILL,2018,405000
BLACK ROCK,2018,2029000
BLACKBURN,2018,1370500
BLACKBURN NORTH,2018,1038000
BLACKBURN SOUTH,2018,1063500
BLACKWOOD,2018,326500
BLAIRGOWRIE,2018,990500
BLIND BIGHT,2018,546000
BONBEACH,2018,910000
BONNIE DOON,2018,417500
BONSHAW,2018,400000
BOOLARRA,2018,250000
BOORT,2018,180000
BORONIA,2018,742500
BOTANIC RIDGE,2018,730000
BOX HILL,2018,1700000
BOX HILL NORTH,2018,1188000
BOX HILL SOUTH,2018,1285500
BRAYBROOK,2018,728500
BREAKWATER,2018,385000
BRIAGOLONG,2018,264000
BRIAR HILL,2018,880000
BRIGHT,2018,590000
BRIGHTON,2018,2888000
BRIGHTON EAST,2018,1890000
BROADFORD,2018,396500
BROADMEADOWS,2018,575000
BROOKFIELD,2018,491500
BROOKLYN,2018,695000
BROWN HILL,2018,405000
BRUNSWICK,2018,1095000
BRUNSWICK EAST,2018,1170000
BRUNSWICK WEST,2018,1160000
BRUTHEN,2018,261000
BULLEEN,2018,1230000
BUNDALONG,2018,462000
BUNDOORA,2018,730000
BUNINYONG,2018,467500
BUNYIP,2018,550000
BURNSIDE,2018,605000
BURNSIDE HEIGHTS,2018,633000
BURWOOD,2018,1320000
BURWOOD EAST,2018,1048000
CAIRNLEA,2018,734000
CALIFORNIA GULLY,2018,275000
CAMBERWELL,2018,2155000
CAMPBELLFIELD,2018,550000
CAMPBELLS CREEK,2018,460500
CAMPERDOWN,2018,235000
CANADIAN,2018,373000
CANTERBURY,2018,2536500
CAPE PATERSON,2018,442000
CAPE SCHANCK,2018,845000
CAPEL SOUND,2018,550000
CARISBROOK,2018,232500
CARLTON,2018,1600000
CARLTON NORTH,2018,1445000
CARNEGIE,2018,1445000
CAROLINE SPRINGS,2018,620000
CARRUM,2018,860000
CARRUM DOWNS,2018,575000
CASTERTON,2018,132500
CASTLEMAINE,2018,499000
CAULFIELD,2018,1701000
CAULFIELD EAST,2018,1322500
CAULFIELD NORTH,2018,1960000
CAULFIELD SOUTH,2018,1600000
CHADSTONE,2018,1050000
CHARLEMONT,2018,455000
CHARLTON,2018,150000
CHELSEA,2018,905000
CHELSEA HEIGHTS,2018,778000
CHELTENHAM,2018,1105000
CHELTENHAM EAST,2018,940000
CHELTENHAM NORTH,2018,925000
CHEWTON,2018,435000
CHILTERN,2018,260000
CHIRNSIDE PARK,2018,700000
CHURCHILL,2018,180000
CLARINDA,2018,802500
CLAYTON,2018,1255000
CLAYTON NORTH,2018,1330000
CLAYTON SOUTH,2018,850000
CLIFTON HILL,2018,1360000
CLIFTON SPRINGS,2018,472000
CLUNES,2018,354000
CLYDE,2018,505000
CLYDE NORTH,2018,595000
COBBLEBANK,2018,455500
COBDEN,2018,225000
COBRAM,2018,255000
COBURG,2018,969000
COBURG EAST,2018,841500
COBURG NORTH,2018,814000
COCKATOO,2018,591000
COHUNA,2018,177500
COLAC,2018,320000
COLDSTREAM,2018,660000
COLERAINE,2018,114000
COLLINGWOOD,2018,1110000
COOLAROO,2018,480000
COONANS HILL,2018,927000
COONGULLA,2018,242000
CORINELLA,2018,450000
CORIO,2018,370000
CORONET BAY,2018,345000
CORRYONG,2018,162500
COWES,2018,541000
COWES WEST,2018,485500
CRAIGIEBURN,2018,547000
CRANBOURNE,2018,540000
CRANBOURNE EAST,2018,574500
CRANBOURNE NORTH,2018,600000
CRANBOURNE SOUTH,2018,425000
CRANBOURNE WEST,2018,540000
CREMORNE,2018,1420000
CRESWICK,2018,324000
CRIB POINT,2018,555000
CROYDON,2018,792500
CROYDON HILLS,2018,877500
CROYDON NORTH,2018,840000
CROYDON SOUTH,2018,757500
CURLEWIS,2018,495000
DALLAS,2018,490000
DALYSTON,2018,305000
DANDENONG,2018,640000
DANDENONG NORTH,2018,640000
DARLEY,2018,505000
DAYLESFORD,2018,552500
DEANSIDE,2018,352500
DEEPDENE,2018,2692500
DEER PARK,2018,580000
DELACOMBE,2018,360000
DELAHEY,2018,575000
DENNINGTON,2018,355000
DERRIMUT,2018,615000
DIAMOND CREEK,2018,782500
DIGGERS REST,2018,500000
DIMBOOLA,2018,130000
DINGLEY VILLAGE,2018,840500
DINNER PLAIN,2018,510000
DONALD,2018,145000
DONCASTER,2018,1320000
DONCASTER EAST,2018,1222000
DONNYBROOK,2018,530000
DONVALE,2018,1182500
DOREEN,2018,601000
DOVETON,2018,542500
DROMANA,2018,785500
DROUIN,2018,455000
DRYSDALE,2018,510000
DUNKELD,2018,297500
DUNOLLY,2018,206500
EAGLE POINT,2018,304500
EAGLEHAWK,2018,315000
EAGLEMONT,2018,1955000
EAST BAIRNSDALE,2018,225000
EAST BENDIGO,2018,318000
EAST GEELONG,2018,637000
EAST MELBOURNE,2018,2675000
EAST WARBURTON,2018,428500
EASTWOOD,2018,385000
ECHUCA,2018,365000
EDENHOPE,2018,147000
EDITHVALE,2018,1047500
EILDON,2018,258000
ELLIMINYT,2018,385000
ELMORE,2018,227500
ELSTERNWICK,2018,1970000
ELTHAM,2018,942500
ELTHAM NORTH,2018,930500
ELWOOD,2018,2140000
EMERALD,2018,730000
ENDEAVOUR HILLS,2018,651000
EPPING,2018,600000
EPSOM,2018,357000
ESSENDON,2018,1682000
ESSENDON NORTH,2018,1092500
ESSENDON WEST,2018,1221000
EUMEMMERRING,2018,622000
EUREKA,2018,315500
EUROA,2018,270000
EYNESBURY,2018,550000
FAIRFIELD,2018,1316000
FAIRHAVEN,2018,1020000
FAWKNER,2018,720000
FERNTREE GULLY,2018,732500
FERNY CREEK,2018,830000
FINGAL,2018,1350000
FITZROY,2018,1450000
FITZROY NORTH,2018,1475000
FIVEWAYS,2018,542500
FLEMINGTON,2018,926500
FLINDERS,2018,1697500
FLORA HILL,2018,352500
FLOWERDALE,2018,390000
FOOTSCRAY,2018,899000
FOREST HILL,2018,935000
FOSTER,2018,335000
FRANKSTON,2018,605000
FRANKSTON NORTH,2018,502000
FRANKSTON SOUTH,2018,855000
FRASER RISE,2018,615000
FYANSFORD,2018,650000
GARDEN CITY,2018,1507500
GARDENVALE,2018,1830000
GARFIELD,2018,540000
GEELONG,2018,750000
GEELONG WEST,2018,713000
GEMBROOK,2018,610000
GISBORNE,2018,770000
GLADSTONE PARK,2018,630000
GLEN HUNTLY,2018,1225000
GLEN IRIS,2018,1927500
GLEN WAVERLEY,2018,1300000
GLENROWAN,2018,265000
GLENROY,2018,725000
GOLDEN BEACH,2018,225500
GOLDEN POINT (BALLARAT),2018,347500
GOLDEN SQUARE,2018,334000
GORDON,2018,402500
GOUGHS BAY,2018,345500
GOWANBRAE,2018,727500
GRANTVILLE,2018,402500
GREEN LAKE,2018,270000
GREENSBOROUGH,2018,815000
GREENVALE,2018,720000
GROVEDALE,2018,495000
HADFIELD,2018,741500
HALLAM,2018,630000
HALLS GAP,2018,355000
HAMILTON,2018,225000
HAMLYN HEIGHTS,2018,545000
HAMPTON,2018,1905000
HAMPTON EAST,2018,1230000
HAMPTON PARK,2018,550000
HARCOURT,2018,375000
HARKNESS,2018,485000
HASTINGS,2018,519500
HASTINGS WEST,2018,480000
HAWTHORN,2018,2506500
HAWTHORN EAST,2018,2221500
HEALESVILLE,2018,601000
HEATHCOTE,2018,310000
HEATHERTON,2018,935000
HEATHMONT,2018,932000
HEIDELBERG,2018,1114000
HEIDELBERG HEIGHTS,2018,820000
HEIDELBERG WEST,2018,700000
HEPBURN,2018,425000
HEPBURN SPRINGS,2018,490000
HERNE HILL,2018,550000
HEYFIELD,2018,206500
HEYWOOD,2018,166000
HIGHETT,2018,1275000
HIGHTON,2018,681000
HILLSIDE (MELTON),2018,645000
HOPETOUN,2018,86000
HOPPERS CROSSING,2018,552000
HORSHAM,2018,255000
HUGHESDALE,2018,1260000
HUNTINGDALE,2018,1010000
HUNTLY,2018,357500
HURSTBRIDGE,2018,731000
INDENTED HEAD,2018,575500
INGLEWOOD,2018,180000
INVERLOCH,2018,598000
INVERMAY PARK,2018,465000
IRONBARK,2018,320000
IRYMPLE,2018,310000
IVANHOE,2018,1600000
IVANHOE EAST,2018,1914000
JACANA,2018,555000
JACKASS FLAT,2018,310000
JAN JUC,2018,905000
JEERALANG NORTH,2018,170000
JEPARIT,2018,77000
JUNCTION VILLAGE,2018,509000
JUNORTOUN,2018,506500
KALIMNA,2018,326500
KALKALLO,2018,548000
KALLISTA,2018,737500
KALORAMA,2018,686500
KANGAROO FLAT,2018,325000
KANGAROO GROUND SOUTH,2018,930000
KANIVA,2018,164000
KEALBA,2018,612000
KEILOR,2018,815000
KEILOR DOWNS,2018,666000
KEILOR EAST,2018,830000
KEILOR LODGE,2018,715000
KEILOR PARK,2018,770000
KENNINGTON,2018,383500
KENSINGTON,2018,1020000
KERANG,2018,177000
KEW,2018,2380000
KEW EAST,2018,1800000
KEW NORTH,2018,1767500
KEYSBOROUGH,2018,756000
KIALLA,2018,418000
KILCUNDA,2018,496000
KILLARA (WODONGA),2018,420000
KILMORE,2018,440000
KILSYTH,2018,685500
KILSYTH SOUTH,2018,826000
KINGLAKE,2018,480000
KINGS PARK,2018,550000
KINGSBURY,2018,730000
KINGSVILLE,2018,990000
KNOXFIELD,2018,815000
KOO WEE RUP,2018,508500
KOONDROOK,2018,268000
KOOYONG,2018,2630000
KOROIT,2018,349000
KORUMBURRA,2018,317500
KURUNJANG,2018,435000
KYABRAM,2018,261000
KYNETON,2018,550000
LAKE BOGA,2018,232500
LAKE GARDENS,2018,575000
LAKE TYERS BEACH,2018,300000
LAKE WENDOUREE,2018,775000
LAKES ENTRANCE,2018,328000
LALOR,2018,623500
LANCEFIELD,2018,456000
LANG LANG,2018,475000
LANGWARRIN,2018,642500
LARA,2018,515000
LARA LAKE,2018,525000
LAUNCHING PLACE,2018,531000
LAVERTON,2018,579000
LAVERTON SOUTH,2018,646000
LEITCHVILLE,2018,109500
LENEVA,2018,387500
LEONGATHA,2018,360000
LEOPOLD,2018,500500
LILYDALE,2018,706500
LINTON,2018,236500
LISMORE,2018,132500
LOCH SPORT,2018,230000
LONG GULLY,2018,269000
LONGWARRY,2018,403000
LORNE,2018,1275000
LOVELY BANKS,2018,525000
LOWER PLENTY,2018,1055000
LUCAS,2018,395000
LUCKNOW,2018,280000
LYNBROOK,2018,640000
LYNDHURST,2018,695000
LYSTERFIELD,2018,976500
MACEDON,2018,815000
MACLEOD,2018,922500
MADDINGLEY,2018,442000
MAFFRA,2018,261500
MAIDEN GULLY,2018,495500
MAIDSTONE,2018,798500
MALDON,2018,420000
MALLACOOTA,2018,280000
MALMSBURY,2018,462000
MALVERN,2018,2661000
MALVERN EAST,2018,1900000
MANIFOLD HEIGHTS,2018,785500
MANOR LAKES,2018,526000
MANSFIELD,2018,430000
MARIBYRNONG,2018,1028500
MARONG,2018,365000
MARSHALL,2018,468000
MARYBOROUGH,2018,229500
MARYSVILLE,2018,477500
MCCRAE,2018,847500
MCKENZIE HILL,2018,495000
MCKINNON,2018,1555000
MCLOUGHLINS BEACH,2018,191000
MEADOW HEIGHTS,2018,510000
MEENIYAN,2018,292500
MELTON,2018,415000
MELTON SOUTH,2018,417000
MELTON WEST,2018,453000
MENTONE,2018,1080000
MERBEIN,2018,180000
MERINDA PARK,2018,523000
MERNDA,2018,573500
MERRIJIG (MANSFIELD),2018,461000
METUNG,2018,371500
MICKLEHAM,2018,520000
MIDDLE PARK,2018,2685000
MILDURA,2018,281500
MILL PARK,2018,657000
MILLGROVE,2018,411000
MINERS REST,2018,400000
MINYIP,2018,81000
MIRBOO NORTH,2018,307500
MITCHAM,2018,1000000
MITCHELL PARK,2018,304500
MOE,2018,200000
MONBULK,2018,650000
MONT ALBERT,2018,1990000
MONT ALBERT NORTH,2018,1460000
MONTMORENCY,2018,926000
MONTROSE,2018,737500
MOONEE PONDS,2018,1360000
MOORABBIN,2018,1130000
MOOROOLBARK,2018,720000
MOOROOPNA,2018,230000
MORDIALLOC,2018,1046500
MORNINGTON,2018,850000
MORTLAKE,2018,165000
MORWELL,2018,167000
MOUNT BEAUTY,2018,267500
MOUNT CLEAR,2018,379000
MOUNT DANDENONG,2018,647500
MOUNT DUNEED,2018,555000
MOUNT ELIZA,2018,1222500
MOUNT EVELYN,2018,671500
MOUNT HELEN,2018,420000
MOUNT MACEDON,2018,859000
MOUNT MARTHA,2018,1202500
MOUNT PLEASANT,2018,350000
MOUNT WAVERLEY,2018,1320000
MULGRAVE,2018,860000
MURCHISON,2018,225000
MURRUMBEENA,2018,1350000
MURTOA,2018,110000
MYRTLEFORD,2018,295000
NAGAMBIE,2018,385000
NARRE WARREN,2018,614000
NARRE WARREN NORTH,2018,1180000
NARRE WARREN SOUTH,2018,636500
NATHALIA,2018,210000
NEERIM SOUTH,2018,406500
NELSON,2018,255000
NERRINA,2018,575000
NEW GISBORNE,2018,757500
NEWBOROUGH,2018,250000
NEWCOMB,2018,453500
NEWINGTON,2018,465000
NEWLANDS ARM,2018,367500
NEWPORT,2018,1059000
NEWSTEAD,2018,318500
NEWTOWN (GREATER GEELONG),2018,843000
NHILL,2018,149000
NICHOLS POINT,2018,470000
NIDDRIE,2018,1070000
NOBLE PARK,2018,680000
NOBLE PARK NORTH,2018,660000
NORLANE,2018,355000
NORTH BENDIGO,2018,310000
NORTH GEELONG,2018,495000
NORTH MELBOURNE,2018,1182500
NORTH WONTHAGGI,2018,369000
NORTHCOTE,2018,1345000
NOTTING HILL,2018,957500
NUMURKAH,2018,225000
NUNAWADING,2018,986000
NYAH WEST,2018,136000
NYORA,2018,340000
OAK PARK,2018,878500
OAKLEIGH,2018,1250000
OAKLEIGH EAST,2018,992500
OAKLEIGH SOUTH,2018,960000
OCEAN GROVE,2018,691000
OFFICER,2018,548000
OFFICER SOUTH,2018,569500
OLINDA,2018,760000
OMEO,2018,183500
ORBOST,2018,165000
ORMOND,2018,1600000
OSBORNE,2018,757000
OUYEN,2018,93000
PAKENHAM,2018,520000
PARADISE BEACH,2018,199000
PARK ORCHARDS,2018,1480000
PARKDALE,2018,1245000
PARKVILLE,2018,2430000
PASCOE VALE,2018,901000
PASCOE VALE SOUTH,2018,955000
PATTERSON GARDENS,2018,890000
PATTERSON LAKES,2018,1025000
PAYNESVILLE,2018,353000
PEARCEDALE,2018,660000
PETERBOROUGH,2018,450000
PIONEER BAY,2018,308000
PLENTY,2018,1350000
POINT COOK,2018,630000
POINT LONSDALE,2018,840000
POREPUNKAH,2018,464500
PORT ALBERT,2018,240000
PORT FAIRY,2018,651000
PORT FRANKLIN,2018,257000
PORT MELBOURNE,2018,1488000
PORT WELSHPOOL,2018,295000
PORTARLINGTON,2018,640000
PORTLAND,2018,234500
PORTLAND NORTH,2018,367500
PORTSEA,2018,2180000
PRAHRAN,2018,1578000
PRESTON,2018,980000
PRINCES HILL,2018,1650000
PYRAMID HILL,2018,100000
QUARRY HILL,2018,407500
QUEENSCLIFF,2018,950000
RAINBOW,2018,99000
RAYMOND ISLAND,2018,360000
RED CLIFFS,2018,211500
REDAN,2018,330000
RESEARCH,2018,915000
RESERVOIR,2018,790000
RHYLL,2018,657500
RICHMOND,2018,1311000
RIDDELLS CREEK,2018,675000
RINGWOOD,2018,896500
RINGWOOD EAST,2018,881000
RINGWOOD NORTH,2018,920000
RIPPLESIDE,2018,750000
ROBINVALE,2018,220000
ROCHESTER,2018,236000
ROCKBANK,2018,500000
ROMSEY,2018,550000
ROSANNA,2018,1100000
ROSEBUD,2018,590000
ROSEBUD SOUTH,2018,711500
ROSEDALE,2018,280000
ROWVILLE,2018,840000
ROXBURGH PARK,2018,546000
RUPANYUP,2018,87000
RUSHWORTH,2018,198000
RUTHERGLEN,2018,270000
RYE,2018,705000
SAFETY BEACH,2018,825000
SAILORS GULLY,2018,290000
SALE,2018,309500
SAN REMO,2018,515000
SANCTUARY LAKES,2018,627500
SANDHURST,2018,837500
SANDRINGHAM,2018,1850000
SANDY POINT,2018,410000
SASSAFRAS,2018,750000
SAWMILL SETTLEMENT,2018,285000
SCORESBY,2018,835000
SEA LAKE,2018,110000
SEABROOK,2018,672500
SEAFORD,2018,695000
SEAHOLME,2018,1015000
SEASPRAY,2018,210000
SEBASTOPOL,2018,289500
SEDDON,2018,1018500
SELBY,2018,637500
SEVILLE,2018,634500
SEVILLE EAST,2018,551500
SEYMOUR,2018,295000
SHEPPARTON,2018,275000
SHEPPARTON NORTH,2018,334000
SHOREHAM,2018,1160000
SILVERLEAVES,2018,721000
SKENES CREEK,2018,580000
SKIPTON,2018,159500
SKYE,2018,611000
SMITHS BEACH,2018,589000
SMYTHESDALE,2018,290000
SOLDIERS HILL,2018,447500
SOMERS,2018,888500
SOMERVILLE,2018,615000
SORRENTO,2018,1380000
SOUTH DUDLEY,2018,270000
SOUTH GEELONG,2018,676000
SOUTH KINGSVILLE,2018,1000000
SOUTH MELBOURNE,2018,1465000
SOUTH MORANG,2018,634000
SOUTH YARRA,2018,1851000
SPOTSWOOD,2018,1080000
SPRING GULLY,2018,400000
SPRINGVALE,2018,786000
SPRINGVALE SOUTH,2018,720000
ST ALBANS,2018,626500
ST ALBANS PARK,2018,450000
ST ANDREWS BEACH,2018,902500
ST ARNAUD,2018,145000
ST HELENA,2018,910000
ST KILDA,2018,1755000
ST KILDA EAST,2018,1620000
ST KILDA WEST,2018,1942500
ST LEONARDS,2018,571500
STANHOPE,2018,161500
STAWELL,2018,190000
STRATFORD,2018,258000
STRATHDALE,2018,420000
STRATHFIELDSAYE,2018,444000
STRATHMERTON,2018,187500
STRATHMORE,2018,1357500
STRATHMORE HEIGHTS,2018,885000
STRATHTULLOH,2018,425000
STUDFIELD,2018,906000
SUNBURY,2018,545000
SUNDERLAND BAY,2018,455000
SUNNYCLIFFS,2018,218000
SUNSET STRIP,2018,390000
SUNSHINE,2018,735000
SUNSHINE NORTH,2018,663000
SUNSHINE WEST,2018,635000
SURF BEACH,2018,480000
SURREY HILLS,2018,1900000
SWAN HILL,2018,267000
SWAN REACH,2018,370000
SYDENHAM,2018,620000
SYNDAL,2018,1530000
TALLANGATTA,2018,245000
TARNEIT,2018,569500
TATURA,2018,250000
TAWONGA SOUTH,2018,310000
TAYLORS HILL,2018,723000
TAYLORS LAKES,2018,763500
TECOMA,2018,700000
TEMPLESTOWE,2018,1308000
TEMPLESTOWE LOWER,2018,1150000
TERANG,2018,194000
THE BASIN,2018,682500
THE HONEYSUCKLES,2018,290000
THE PATCH,2018,730000
THOMASTOWN,2018,637000
THOMSON (GREATER GEELONG),2018,411000
THORNBURY,2018,1137500
THORNHILL PARK,2018,530000
TIMBOON,2018,247000
TONGALA,2018,275000
TOONGABBIE,2018,280500
TOORA,2018,241500
TOORADIN,2018,702000
TOORAK,2018,4700000
TOOTGAROOK,2018,600500
TORQUAY,2018,807500
TRAFALGAR,2018,375000
TRARALGON,2018,298000
TRARALGON EAST,2018,425000
TRAVANCORE,2018,1475000
TRENTHAM,2018,603000
TRUGANINA,2018,574000
TULLAMARINE,2018,665500
TYABB,2018,548000
UPPER FERNTREE GULLY,2018,700000
UPWEY,2018,710000
VENTNOR,2018,490000
VENUS BAY,2018,307500
VERMONT,2018,980000
VERMONT SOUTH,2018,1150000
VIEWBANK,2018,933000
VIOLET TOWN,2018,242500
WAHGUNYAH,2018,240000
WALKERVILLE,2018,266500
WALLAN,2018,490000
WALLAN EAST,2018,489000
WANDANA HEIGHTS,2018,700000
WANDIN NORTH,2018,665000
WANGARATTA,2018,320000
WANTIRNA,2018,915000
WANTIRNA SOUTH,2018,1000000
WARBURTON,2018,495000
WARNEET,2018,534000
WARRACKNABEAL,2018,112500
WARRAGUL,2018,448000
WARRANDYTE,2018,1110000
WARRANWOOD,2018,1010000
WARRNAMBOOL,2018,350000
WATERWAYS,2018,1110000
WATSONIA,2018,795000
WATSONIA NORTH,2018,770000
WATTLE GLEN,2018,810000
WAURN PONDS,2018,621500
WEDDERBURN,2018,130000
WEIR VIEWS,2018,470000
WENDOUREE,2018,326000
WENDOUREE WEST,2018,245000
WERRIBEE,2018,510000
WERRIBEE SOUTH,2018,735000
WEST FOOTSCRAY,2018,875000
WEST MELBOURNE,2018,1370000
WEST WODONGA,2018,322000
WESTALL,2018,800000
WESTGARTH,2018,1707500
WESTMEADOWS,2018,620000
WHEELERS HILL,2018,1118500
WHITE HILLS,2018,313500
WHITTINGTON,2018,395000
WHITTLESEA,2018,577500
WILLIAMS LANDING,2018,685000
WILLIAMSTOWN,2018,1415000
WILLIAMSTOWN NORTH,2018,860000
WIMBLEDON HEIGHTS,2018,410000
WINCHELSEA,2018,391000
WINDSOR,2018,1422500
WINTER VALLEY,2018,405000
WODONGA,2018,350000
WOLLERT,2018,550000
WONGA PARK,2018,1150000
WONTHAGGI,2018,339000
WOODEND,2018,665000
WOOLAMAI WATERS,2018,469500
WOORI YALLOCK,2018,520000
WURRUK,2018,310000
WY YUNG,2018,315000
WYCHEPROOF,2018,124500
WYNDHAM VALE,2018,480000
YACKANDANDAH,2018,472500
YALLAMBIE,2018,810000
YALLOURN NORTH,2018,172000
YARRA GLEN,2018,670000
YARRA JUNCTION,2018,562500
YARRAGON,2018,390000
YARRAM,2018,218000
YARRAVILLE,2018,1045000
YARRAWONGA,2018,345000
YEA,2018,392500
YINNAR,2018,245000
